no	kiji	title	hizuke	no	url
1	○特集01「健康は自分ゴト」	広報みのかも	2022-10-10	1072	https://www.city.minokamo.gifu.jp/temp2/hp/125/20210326115109/202210_見開き（修正）.pdf
2	 ○特集02「次世代へつなぐ平和への思い」	広報みのかも	2022-10-10	1072	https://www.city.minokamo.gifu.jp/temp2/hp/125/20210326115109/202210_見開き（修正）.pdf
3	○特集「健康・スポーツポイント事業」 	広報みのかも	2022-09-10	1071	https://www.city.minokamo.gifu.jp/temp2/hp/125/20210326115109/202209_見開き.pdf
4	○特集「本と一緒に挑む夏。」 	広報みのかも	2022-08-10	1070	https://www.city.minokamo.gifu.jp/temp2/hp/125/20210326115109/202208_見開き.pdf
5	○特集「FMらら　76.8MHｚ」 	広報みのかも	2022-07-10	1069	https://www.city.minokamo.gifu.jp/temp2/hp/125/20210326115109/202207_見開き.pdf
6	○特集01「第19回　坪内逍遙大賞」	広報みのかも	2022-06-10	1068	https://www.city.minokamo.gifu.jp/temp2/hp/125/20210326115109/202206_見開き.pdf
7	 ○特集02「みんなが心地よく暮らせるまち」	広報みのかも	2022-06-10	1068	https://www.city.minokamo.gifu.jp/temp2/hp/125/20210326115109/202206_見開き.pdf
8	○特集「若者未来創造部。」 	広報みのかも	2022-05-10	1067	https://www.city.minokamo.gifu.jp/temp2/hp/125/20210326115109/202205_見開き.pdf
9	○特集「令和4年度予算」    	広報みのかも	2022-04-10	1066	https://www.city.minokamo.gifu.jp/temp2/hp/125/20210326115109/202204_見開き.pdf
10	○特集「鎌倉殿と美濃加茂」	広報みのかも	2022-03-10	1065	https://www.city.minokamo.gifu.jp/temp2/hp/125/20210326115109/202203_見開き.pdf
11	○特集「SDGｓ未来都市みのかも」	広報みのかも	2022-02-10	1064	https://www.city.minokamo.gifu.jp/temp2/hp/125/20210326115109/202202_見開き.pdf
12	○特集01「姉妹都市交流」	広報みのかも	2022-01-10	1063	https://www.city.minokamo.gifu.jp/temp2/hp/125/20210326115109/202201_見開き1.pdf
13	 ○特集02「税の申告」	広報みのかも	2022-01-10	1063	https://www.city.minokamo.gifu.jp/temp2/hp/125/20210326115109/202201_見開き1.pdf
14	○特集「メディカルシティ」	広報みのかも	2021-12-10	1062	https://www.city.minokamo.gifu.jp/temp2/hp/125/20210326115109/202112_見開き.pdf
15	○特集01「自分らしく生きる。」	広報みのかも	2121-11-10	1061	https://www.city.minokamo.gifu.jp/temp2/hp/125/20210326115109/202111_見開き.pdf
16	 ○特集02「令和2年度 決算報告」	広報みのかも	2121-11-10	1061	https://www.city.minokamo.gifu.jp/temp2/hp/125/20210326115109/202111_見開き.pdf
17	○特集01「みんなでつくる ほいくえん」	広報みのかも	2021-10-10	1060	https://www.city.minokamo.gifu.jp/temp2/hp/125/20210326115109/202110_見開き.pdf
18	 ○特集02「そうだ 図書館へ行こう」	広報みのかも	2021-10-10	1060	https://www.city.minokamo.gifu.jp/temp2/hp/125/20210326115109/202110_見開き.pdf
19	○特集「かも～る」	広報みのかも	2021-09-10	1059	https://www.city.minokamo.gifu.jp/temp2/hp/125/20210326115109/202109_見開き1.pdf
20	 ○特集「わがまちの空き家事情」	広報みのかも	2021-08-10	1058	https://www.city.minokamo.gifu.jp/temp2/hp/125/20210326115109/202108_見開き1.pdf
21	○特集「とわない・あきない・またきたい」	広報みのかも	2021-07-10	1057	https://www.city.minokamo.gifu.jp/temp2/hp/125/20210326115109/202107_見開き.pdf
22	○特集01「みのかも農業ビジョン」	広報みのかも	2021-06-10	1056	https://www.city.minokamo.gifu.jp/temp2/hp/125/20210326115109/202106_見開き1.pdf
23	 ○特集02「スプーン1杯を365日」	広報みのかも	2021-06-10	1056	https://www.city.minokamo.gifu.jp/temp2/hp/125/20210326115109/202106_見開き1.pdf
24	○特集「防災アプリ」	広報みのかも	2021-05-10	1055	https://www.city.minokamo.gifu.jp/temp2/hp/125/20210326115109/202105_見開き.pdf
25	○特集01「住み続けたい　住んでみたいまち」	広報みのかも	2021-04-10	1054	https://www.city.minokamo.gifu.jp/temp2/hp/125/20210326115109/202105_見開き.pdf
26	 ○特集02「令和3年度予算」	広報みのかも	2021-04-10	1054	https://www.city.minokamo.gifu.jp/temp2/hp/125/20210326115109/広報みのかも4月号[見開き].pdf
27	○特集「輝きのピースを探して。」	広報みのかも	2021-03-10	1053	https://www.city.minokamo.gifu.jp/temp2/hp/125/20200331113145/広報みのかも3月号[見開き].pdf
28	○特集「自然災害と向き合い対応できるまちへ」	広報みのかも	2021-02-10	1052	https://www.city.minokamo.gifu.jp/temp2/hp/125/20200331113145/広報みのかも2月号[見開き].pdf
29	○新春対談「地域共創」	広報みのかも	2021-01-10	1051	https://www.city.minokamo.gifu.jp/temp2/hp/125/20200331113145/広報みのかも1月号[見開き].pdf
30	○特集「税の申告」	広報みのかも	2021-01-10	1051	https://www.city.minokamo.gifu.jp/temp2/hp/125/20200331113145/広報みのかも1月号[見開き].pdf
31	○特集「里山×STEAM」	広報みのかも	2020-12-10	1050	https://www.city.minokamo.gifu.jp/temp2/hp/125/20200331113145/広報みのかも12月号[見ひらき].pdf
32	○特集01「秘めた光が地域を照らす」	広報みのかも	2020-11-10	1049	https://www.city.minokamo.gifu.jp/temp2/hp/125/20200331113145/広報みのかも11月号[見開き].pdf
33	○特集02「令和元年度決算」	広報みのかも	2020-11-10	1049	https://www.city.minokamo.gifu.jp/temp2/hp/125/20200331113145/広報みのかも11月号[見開き].pdf
34	○特集「みのかも文化の森20年　そして、これから」	広報みのかも	2020-10-10	1048	https://www.city.minokamo.gifu.jp/temp2/hp/125/20200331113145/広報みのかも10月号[見_開き].pdf
35	○特集「＃みんなの国勢調査」	広報みのかも	2020-09-10	1047	https://www.city.minokamo.gifu.jp/temp2/hp/125/20200331113145/広報みのかも9月号[見開き].pdf
36	○特集「危険回避。」	広報みのかも	2020-08-10	1046	https://www.city.minokamo.gifu.jp/temp2/hp/125/20200331113145/広報みのかも8月号[見開き].pdf
37	○特集「くらしを便利に！マイナンバーカード」	広報みのかも	2020-07-10	1045	https://www.city.minokamo.gifu.jp/temp2/hp/125/20200331113145/広報みのかも7月号[見開き].pdf
38	○特集「第18回坪内逍遙大賞」	広報みのかも	2020-06-10	1044	https://www.city.minokamo.gifu.jp/temp2/hp/125/20200331113145/広報みのかも6月号[見開き].pdf
39	○特集「いま、わたしたちができること。」	広報みのかも	2020-05-10	1043	https://www.city.minokamo.gifu.jp/temp2/hp/125/20200331113145/広報みのかも5月号[見開き].pdf
40	○特集01「第2期カミーノ」	広報みのかも	2020-04-10	1042	https://www.city.minokamo.gifu.jp/temp2/hp/125/20200331113145/広報みのかも4月号[見開き]1.pdf
41	○特集02「令和2年度予算」	広報みのかも	2020-04-10	1042	https://www.city.minokamo.gifu.jp/temp2/hp/125/20200331113145/広報みのかも4月号[見開き]1.pdf
42	○特集「ウォーカブルシティミノカモ」	広報みのかも	2020-03-10	1041	https://www.city.minokamo.gifu.jp/temp2/hp/125/20190326171539/広報みのかも3月号[見開き].pdf
43	○特集「アベマキ学校机プロジェクト」	広報みのかも	2020-02-10	1040	https://www.city.minokamo.gifu.jp/temp2/hp/125/20190326171539/広報みのかも2月号[見開き].pdf
44	○特集01「友情は海を越えて」	広報みのかも	2020-01-10	1039	https://www.city.minokamo.gifu.jp/temp2/hp/125/20190326171539/広報みのかも1月号[見開き].pdf
45	○特集02「税の申告	広報みのかも	2020-01-10	1039	https://www.city.minokamo.gifu.jp/temp2/hp/125/20190326171539/広報みのかも1月号[見開き].pdf
46	○特集「救急医療の危機。」	広報みのかも	2019-12-10	1038	https://www.city.minokamo.gifu.jp/temp2/hp/125/20190326171539/広報みのかも12月号[見開き]1.pdf
47	○特集「工作機械博物館　始動。」	広報みのかも	2019-11-10	1037	https://www.city.minokamo.gifu.jp/temp2/hp/125/20190326171539/広報みのかも11月号[見開き].pdf
48	○特集01「みのかも認知症　つながる和」	広報みのかも	2019-10-10	1036	https://www.city.minokamo.gifu.jp/temp2/hp/125/20190326171539/広報みのかも10月号[見開き].pdf
49	○特集02「次世代へつなぐ平和への想い」	広報みのかも	2019-10-10	1036	https://www.city.minokamo.gifu.jp/temp2/hp/125/20190326171539/広報みのかも10月号[見開き].pdf
50	○特集「生きることを支え合う」	広報みのかも	2019-09-10	1035	https://www.city.minokamo.gifu.jp/temp2/hp/125/20190326171539/広報みのかも9月号[見開き].pdf
51	○特集「身近な地域コミュニティ」	広報みのかも	2019-08-10	1034	https://www.city.minokamo.gifu.jp/temp2/hp/125/20190326171539/広報みのかも8月号[見開き]1.pdf
52	○特集「みんなの夏休み」	広報みのかも	2019-07-10	1033	https://www.city.minokamo.gifu.jp/temp2/hp/125/20190326171539/広報みのかも7月号[見開き].pdf
53	○特集「守りたい加茂の豊かな自然」	広報みのかも	2019-06-10	1032	https://www.city.minokamo.gifu.jp/temp2/hp/125/20190326171539/広報みのかも6月号[見開き].pdf
54	○特集「美濃加茂ウィーク」	広報みのかも	2019-05-10	1031	https://www.city.minokamo.gifu.jp/temp2/hp/125/20190326171539/広報みのかも5月号[見開き].pdf
55	○特集「平成31年度予算」	広報みのかも	2019-04-10	1030	https://www.city.minokamo.gifu.jp/temp2/hp/125/20190326171539/広報みのかも4月号_見開き1.pdf
56	○特集「未来へつながる地域のチカラ」	広報みのかも	2019-03-10	1029	https://www.city.minokamo.gifu.jp/temp2/hp/125/20180301100729/広報みのかも3月号_見開き.pdf
57	○特集「逍遙検定」	広報みのかも	2019-02-10	1028	https://www.city.minokamo.gifu.jp/temp2/hp/125/20180301100729/広報みのかも2月号_見開き.pdf
58	○新春対談「受け継がれるDNA」	広報みのかも	2019-01-10	1027	https://www.city.minokamo.gifu.jp/temp2/hp/125/20180301100729/広報みのかも1月号_見開き.pdf
59	○特集「風しんの抗体検査・予防接種」	広報みのかも	2019-01-10	1027	https://www.city.minokamo.gifu.jp/temp2/hp/125/20180301100729/広報みのかも1月号_見開き.pdf
60	○特集「めぐる、つながる　里山体験」	広報みのかも	2018-12-10	1026	https://www.city.minokamo.gifu.jp/temp2/hp/125/20180301100729/広報みのかも12月号_見開き.pdf
61	○特集「オーラルフレイル」	広報みのかも	2018-11-10	1025	https://www.city.minokamo.gifu.jp/temp2/hp/125/20180301100729/広報みのかも11月号_見開き1.pdf
62	○特集「自分らしく元気に暮らす」	広報みのかも	2018-10-10	1024	https://www.city.minokamo.gifu.jp/temp2/hp/125/20180301100729/広報みのかも10月号_見開き.pdf
63	○特集「みのかも女性活躍支援センター　Re:Ola【リオラ】」	広報みのかも	2018-09-10	1023	https://www.city.minokamo.gifu.jp/temp2/hp/125/20180301100729/広報みのかも9月号_見開き.pdf
64	○特集「地球と遊べるまちなんだ」	広報みのかも	2018-08-10	1022	https://www.city.minokamo.gifu.jp/temp2/hp/125/20180301100729/広報みのかも8月号_見開き.pdf
65	○特集「小規模特認校制度」	広報みのかも	2018-07-10	1021	https://www.city.minokamo.gifu.jp/temp2/hp/125/20180301100729/広報みのかも7月号_見開き.pdf
66	○特集「家をつなぐ」	広報みのかも	2018-06-10	1020	https://www.city.minokamo.gifu.jp/temp2/hp/125/20180301100729/広報みのかも6月号_見開き.pdf
67	○特集「若者視点。」	広報みのかも	2018-05-10	1019	https://www.city.minokamo.gifu.jp/temp2/hp/125/20180301100729/広報みのかも5月号_見開き1.pdf
68	○特集「中之島公園　RIVER PORT PARK Minokamo」 	広報みのかも	2018-04-10	1018	https://www.city.minokamo.gifu.jp/temp2/hp/125/20180301100729/広報みのかも4月号_見開き3.pdf
69	○特集「まち協」	広報みのかも	2018-03-10	1017	https://www.city.minokamo.gifu.jp/temp2/hp/125/20170331111229/広報みのかも3月号_見開き.pdf
70	○特集「MI検定」	広報みのかも	2018-02-10	1016	https://www.city.minokamo.gifu.jp/temp2/hp/125/20170331111229/広報みのかも2月号_見開き1.pdf
71	○特集「スタートライン」	広報みのかも	2018-01-10	1015	https://www.city.minokamo.gifu.jp/temp2/hp/125/20170331111229/広報みのかも1月号_見開き.pdf
72	○特集「現代版姫街道を目指して」	広報みのかも	2017-12-10	1014	https://www.city.minokamo.gifu.jp/temp2/hp/125/20170331111229/広報みのかも12月号_見開き1.pdf
73	○特集「自分（わが）ごと　地域（まる）ごと」	広報みのかも	2017-11-10	1013	https://www.city.minokamo.gifu.jp/temp2/hp/125/20170331111229/広報みのかも11月号_見開き.pdf
74	○特集「こども園」	広報みのかも	2017-10-10	1012	https://www.city.minokamo.gifu.jp/temp2/hp/125/20170331111229/広報みのかも10月号見開き.pdf
75	○特集「あい愛バス再編運行」	広報みのかも	2017-09-10	1011	https://www.city.minokamo.gifu.jp/temp2/hp/125/20170331111229/広報みのかも9月号_見開き.pdf
76	○特集「新庁舎整備基本構想－2050－」	広報みのかも	2017-08-10	1010	https://www.city.minokamo.gifu.jp/temp2/hp/125/20170331111229/広報みのかも8月号_見開き.pdf
77	○特集「夏物語クランクイン」	広報みのかも	2017-07-10	1009	https://www.city.minokamo.gifu.jp/temp2/hp/125/20170331111229/広報みのかも7月号_見開き.pdf
78	○特集「Dream Concert まちを彩るハーモニー」	広報みのかも	2017-06-10	1008	https://www.city.minokamo.gifu.jp/temp2/hp/125/20170331111229/広報みのかも6月号見開き.pdf
79	○特集「世界はすべて劇場である　美濃加茂の偉人・坪内逍遙」	広報みのかも	2017-05-10	1007	https://www.city.minokamo.gifu.jp/temp2/hp/125/20170331111229/広報みのかも5月号見開き.pdf
80	○特集「平成29年度予算」 	広報みのかも	2017-04-10	1006	https://www.city.minokamo.gifu.jp/temp2/hp/125/20170331111229/広報みのかも4月号[01-32].pdf
81	○特集「カミーノ推進プロジェクト」	広報みのかも	2017-03-10	1005	https://www.city.minokamo.gifu.jp/temp2/hp/125/20160329171016/広報みのかも3月号[01-32].pdf
82	○特集「続・里山千年構想」	広報みのかも	2017-02-10	1004	https://www.city.minokamo.gifu.jp/temp2/hp/125/20160329171016/広報みのかも2月号[01-36].pdf
83	○特集「オールミノカモ安全宣言」	広報みのかも	2017-01-10	1003	https://www.city.minokamo.gifu.jp/temp2/hp/125/20160329171016/広報みのかも1月号[01-36].pdf
84	○特集「あまちの森」	広報みのかも	2016-12-10	1002	https://www.city.minokamo.gifu.jp/temp2/hp/125/20160329171016/広報みのかも12月号[01-36]1.pdf
85	○特集「188」	広報みのかも	2016-11-10	1001	https://www.city.minokamo.gifu.jp/temp2/hp/125/20160329171016/広報みのかも11月号[01-36].pdf
86	○特集「広報みのかも1000号のあゆみ」	広報みのかも	2016-10-10	1000	https://www.city.minokamo.gifu.jp/temp2/hp/125/20160329171016/広報みのかも10月号[01-40]2.pdf
87	○特集「ユニカール」	広報みのかも	2016-09-10	999	https://www.city.minokamo.gifu.jp/temp2/hp/125/20160329171016/広報みのかも9月号[01-28].pdf
88	○特集「これからもずっと。」	広報みのかも	2016-08-10	998	https://www.city.minokamo.gifu.jp/temp2/hp/125/20160329171016/広報みのかも8月号[01-32].pdf
89	○特集「なつさがし」	広報みのかも	2016-07-10	997	https://www.city.minokamo.gifu.jp/temp2/hp/125/20160329171016/広報みのかも7月号[01-32].pdf
90	○特集「地震災害―熊本地震から今の「備え」を問い直す―」 	広報みのかも	2016-06-10	996	https://www.city.minokamo.gifu.jp/temp2/hp/125/20160329171016/広報みのかも6月号1.pdf
91	○特集「まち・ひと・しごと創生総合戦略カミーノ始動。」 	広報みのかも	2016-05-01	995	https://www.city.minokamo.gifu.jp/temp2/hp/125/20160329171016/広報みのかも5-1.pdf
92	○特集「平成28年度予算」               	広報みのかも	2016-04-01	994	https://www.city.minokamo.gifu.jp/temp2/hp/108/20160329171016/みのかも04-01[01-32].pdf
93	○特集「ひとつまみのやさしさ」	広報みのかも	2016-03-01	993	https://www.city.minokamo.gifu.jp/temp2/hp/108/20150330161359/みのかも03-01[01-32].pdf
94	○特集01「いつまでも、このまちで」	広報みのかも	2016-02-01	992	https://www.city.minokamo.gifu.jp/temp2/hp/108/20150330161359/みのかも02-01[01-36]1.pdf
95	○特集02「税の申告」	広報みのかも	2016-02-01	992	https://www.city.minokamo.gifu.jp/temp2/hp/108/20150330161359/みのかも02-01[01-36]1.pdf
96	○特集「美濃加茂創生」	広報みのかも	2016-01-01	991	https://www.city.minokamo.gifu.jp/temp2/hp/108/20150330161359/みのかも01-01[01-28].pdf
97	○美濃加茂市功労者表彰	広報みのかも	2016-01-01	991	https://www.city.minokamo.gifu.jp/temp2/hp/108/20150330161359/みのかも01-01[01-28].pdf
98	○特集「安心と喜びを」	広報みのかも	2015-12-01	990	https://www.city.minokamo.gifu.jp/temp2/hp/108/20150330161359/みのかも12-01[01-36].pdf
99	○特集01「次世代へつなぐ平和への思い」	広報みのかも	2015-11-01	989	https://www.city.minokamo.gifu.jp/temp2/hp/108/20150330161359/みのかも11-01[01-36].pdf
100	○特集02「平成26年度決算報告」	広報みのかも	2015-11-01	989	https://www.city.minokamo.gifu.jp/temp2/hp/108/20150330161359/みのかも11-01[01-36].pdf
101	○特集「ミュージアムでちょっと知的に」	広報みのかも	2015-10-01	988	https://www.city.minokamo.gifu.jp/temp2/hp/108/20150330161359/みのかも10-01[01-32].pdf
102	○特集01「おもてなし」	広報みのかも	2015-09-01	987	https://www.city.minokamo.gifu.jp/temp2/hp/108/20150330161359/みのかも09-01[01-32].pdf
103	○特集02「10月1日は、国勢調査」	広報みのかも	2015-09-01	987	https://www.city.minokamo.gifu.jp/temp2/hp/108/20150330161359/みのかも09-01[01-32].pdf
104	○特集01「佐野一彦の伊深日記に見る昭和二十年」	広報みのかも	2015-08-01	986	https://www.city.minokamo.gifu.jp/temp2/hp/108/20150330161359/みのかも08-01[01-28]1.pdf
105	○特集02「マイナンバー制度」	広報みのかも	2015-08-01	986	https://www.city.minokamo.gifu.jp/temp2/hp/108/20150330161359/みのかも08-01[01-28]1.pdf
106	○特集「夏にダイブ」	広報みのかも	2015-07-01	985	https://www.city.minokamo.gifu.jp/temp2/hp/108/20150330161359/みのかも07-01[01-28].pdf
107	○特集「私とルールと自転車と。」	広報みのかも	2015-06-01	984	https://www.city.minokamo.gifu.jp/kouhou/pdf/2015_6_1/みのかも06-01[01-28].pdf
108	○特集1「できることから少しずつ」	広報みのかも	2015-05-01	983	https://www.city.minokamo.gifu.jp/temp2/hp/108/20150330161359/みのかも05-01[01-32]1.pdf
109	○特集2「見える化した市の経営」	広報みのかも	2015-05-01	983	https://www.city.minokamo.gifu.jp/temp2/hp/108/20150330161359/みのかも05-01[01-32]1.pdf
110	○巻頭 「サイマル放送開始」	広報みのかも	2015-05-01	982	https://www.city.minokamo.gifu.jp/kouhou/pdf/2015_4_1/みのかも0401[01-36].pdf
111	○特集1「予算」	広報みのかも	2015-04-01	982	https://www.city.minokamo.gifu.jp/kouhou/pdf/2015_4_1/みのかも0401[01-36].pdf
112	○特集2「高齢者福祉計画・介護保険事業計画を策定」	広報みのかも	2015-04-01	982	https://www.city.minokamo.gifu.jp/kouhou/pdf/2015_4_1/みのかも0401[01-36].pdf
113	○特集 「生物多様性」	広報みのかも	2015-03-01	981	https://www.city.minokamo.gifu.jp/temp2/hp/108/20140415173747/みのかも03-01[01-28]2.pdf
114	○特集 「『地方』文化のつくりびと」	広報みのかも	2015-02-01	980	https://www.city.minokamo.gifu.jp/temp2/hp/108/20140415173747/みのかも02-01[01-32].pdf
115	○特集 「広がる未来の可能性」	広報みのかも	2015-01-01	979	https://www.city.minokamo.gifu.jp/temp2/hp/108/20140415173747/ACF74E2.pdf
116	○特集 「纏う」	広報みのかも	2014-12-01	978	https://www.city.minokamo.gifu.jp/kouhou/pdf/2014_12_1/みのかも12-01[01-32].pdf
117	○特集1 「1954」	広報みのかも	2014-11-01	977	https://www.city.minokamo.gifu.jp/temp2/hp/108/20140415173747/みのかも11-01[01-44].pdf
118	○特集2 「平成25年度決算報告」	広報みのかも	2014-11-01	977	https://www.city.minokamo.gifu.jp/temp2/hp/108/20140415173747/みのかも11-01[01-44].pdf
119	○特集1 「傍に寄り添う」	広報みのかも	2014-10-01	976	https://www.city.minokamo.gifu.jp/kouhou/pdf/2014_10_1/みのかも10-01[01-36].pdf
120	○特集2 「次世代へつなぐ平和への思い」	広報みのかも	2014-10-01	976	https://www.city.minokamo.gifu.jp/kouhou/pdf/2014_10_1/みのかも10-01[01-36].pdf
121	○特集1 「25 豪州ダボ市×美濃加茂市」	広報みのかも	2014-09-01	975	https://www.city.minokamo.gifu.jp/temp2/hp/108/20140415173747/みのかも09-01[01-40].pdf
122	○特集2 「皆さんの意見で進めるまちづくり」	広報みのかも	2014-09-01	975	https://www.city.minokamo.gifu.jp/temp2/hp/108/20140415173747/みのかも09-01[01-40].pdf
123	○特集1 「ほたるの広場」	広報みのかも	2014-08-01	975	https://www.city.minokamo.gifu.jp/temp2/hp/108/20140415173747/ACF41FA.pdf
124	○特集2 「美濃加茂市の中期財政計画」	広報みのかも	2014-08-01	975	https://www.city.minokamo.gifu.jp/temp2/hp/108/20140415173747/ACF41FA.pdf
125	○特集1 「坪内逍遙大賞」	広報みのかも	2014-07-01	974	https://www.city.minokamo.gifu.jp/temp2/hp/108/20140415173747/ACF3D8D.pdf
126	○特集2 「楽習の夏」	広報みのかも	2014-07-01	974	https://www.city.minokamo.gifu.jp/temp2/hp/108/20140415173747/ACF3D8D.pdf
127	○特集1 「MoreSports もっとスポーツを」	広報みのかも	2014-06-01	972	https://www.city.minokamo.gifu.jp/kouhou/pdf/2014_06_1/みのかも06-01[01-36].pdf
128	○特集2 「美濃加茂市が目指すもの」	広報みのかも	2014-06-01	972	https://www.city.minokamo.gifu.jp/kouhou/pdf/2014_06_1/みのかも06-01[01-36].pdf
129	○特集 「里山千年構想」	広報みのかも	2014-05-01	971	https://www.city.minokamo.gifu.jp/temp2/hp/108/20140415173747/ACF2389.pdf
130	○平成26年度予算	広報みのかも	2014-04-01	970	https://www.city.minokamo.gifu.jp/kouhou/pdf/2014_04_1/みのかも04-01[01-40].pdf